ID,Idade,Genero,Localizacao,ValorTotalGasto,FrequenciaCompras,TipoProduto,DiasDesdeUltCompra
1,42,0,166,1540.29,18,6,146
2,39,1,179,6824.61,10,0,230
3,47,0,57,6072.49,69,7,61
4,65,0,138,192.02,5,3,75
5,39,1,16,1275.74,71,6,210
6,75,1,102,3228.10,3,6,82
7,32,0,103,4518.61,15,5,96
8,71,1,166,1215.97,38,2,225
9,73,1,155,6876.88,48,0,289
10,57,0,65,7879.19,55,6,271
11,35,0,174,904.68,99,6,250
12,55,0,172,9644.38,60,0,118
13,72,1,82,1478.62,95,0,234
14,73,1,155,9195.63,59,0,1
15,61,1,97,5165.53,97,8,66
16,67,0,189,2256.32,13,4,257
17,24,1,2,8929.85,17,0,16
18,74,1,60,9733.77,55,9,149
19,70,0,116,8488.72,51,2,336
20,73,0,181,663.45,76,6,21
21,60,1,190,149.71,96,6,4
22,68,1,185,7623.45,48,5,8
23,41,1,150,9190.32,95,6,108
24,25,1,22,9707.59,30,5,242
25,21,0,176,8267.39,93,7,115
26,29,1,38,6849.23,27,1,28
27,68,0,12,9496.41,90,5,218
28,33,1,0,1366.84,9,6,321
29,34,0,26,9779.25,19,4,14
30,70,0,117,6571.43,43,4,356
31,54,0,197,2282.42,56,5,36
32,59,0,100,651.89,40,1,115
33,29,0,110,8764.87,80,1,263
34,76,1,104,6642.44,22,6,238
35,67,0,192,6980.14,90,1,203
36,60,0,117,9238.28,36,2,88
37,58,1,123,2636.30,75,4,221
38,23,0,110,6755.74,30,1,323
39,46,1,133,4234.60,1,0,97
40,66,1,110,4872.50,85,9,92
41,77,1,193,259.35,11,2,263
42,76,1,118,585.73,88,7,164
43,73,0,143,5544.60,35,7,243
44,61,1,131,1393.37,89,9,103
45,63,0,162,1569.73,1,3,352
46,42,0,193,54.48,14,9,304
47,32,0,171,7277.47,72,1,148
48,47,0,38,844.18,45,0,23
49,70,1,38,9519.92,49,3,316
50,66,1,67,486.63,53,3,145
51,22,0,133,7709.65,12,8,242
52,49,1,51,9234.03,44,0,332
53,68,0,117,8392.87,51,3,195
54,37,1,22,7003.71,51,0,84
55,24,1,188,1682.32,11,6,348
56,57,0,187,2528.13,73,8,190
57,28,1,138,310.45,66,6,38
58,37,1,42,5494.56,15,1,325
59,62,0,187,5324.73,8,8,161
60,19,0,11,3157.73,10,3,246
61,32,0,36,8686.79,90,1,89
62,53,1,109,9535.67,57,7,36
63,48,0,76,9722.30,85,2,261
64,24,0,169,5747.70,36,6,187
65,27,1,172,2095.49,31,6,257
66,64,0,3,4424.01,99,7,168
67,49,1,177,784.98,17,9,292
68,31,0,92,2902.90,40,1,43
69,61,0,12,574.51,68,9,51
70,45,1,144,2461.66,22,8,332
71,72,1,5,590.33,10,4,94
72,75,1,69,1191.16,41,7,320
73,75,0,160,8481.69,67,5,132
74,69,1,67,3700.08,90,5,102
75,66,1,35,2832.74,40,2,25
76,31,1,8,7919.48,22,4,10
77,44,0,129,511.47,19,6,81
78,48,0,70,1656.55,29,5,220
79,21,0,87,4182.01,15,9,94
80,42,0,79,7183.63,17,6,161
81,60,1,5,9799.38,82,0,114
82,49,1,140,8409.75,55,1,69
83,24,0,55,6561.05,64,7,309
84,54,0,126,5125.02,34,3,139
85,49,0,24,6392.79,87,2,67
86,50,0,112,3388.47,81,5,223
87,22,0,134,6634.03,48,7,272
88,37,0,7,3706.98,81,4,111
89,46,1,76,5176.30,66,3,171
90,39,1,2,4516.51,4,7,47
91,20,0,155,7140.81,77,3,308
92,37,0,139,6500.24,32,0,269
93,32,0,177,5795.27,58,6,91
94,67,0,3,7792.42,33,1,7
95,56,0,125,9079.25,69,3,13
96,55,1,185,8963.56,21,8,317
97,54,0,48,1037.76,49,8,151
98,77,0,38,8941.44,70,6,319
99,31,0,123,2815.60,33,0,290
100,55,0,83,2028.79,6,9,245
101,29,0,67,5716.71,88,0,149
102,25,0,73,9191.77,86,3,65
103,33,1,134,206.67,94,2,171
104,70,0,189,6660.25,57,5,206
105,25,0,157,4924.06,73,1,59
106,45,1,80,3817.94,36,4,202
107,64,1,68,6375.99,2,4,63
108,51,1,107,7839.94,7,0,5
109,62,1,143,1032.71,11,4,343
110,43,1,52,4328.58,41,1,211
111,58,0,99,2191.50,8,1,230
112,23,1,4,3993.74,27,8,160
113,39,1,193,3512.17,85,8,206
114,59,0,176,6288.41,30,9,48
115,32,0,16,1960.68,49,3,36
116,51,1,0,7451.02,26,9,53
117,38,1,165,4053.00,57,4,141
118,19,0,43,9272.07,76,1,202
119,43,1,118,5999.34,7,0,204
120,51,0,36,5444.88,97,1,245
121,65,1,162,5297.20,24,1,37
122,57,1,197,825.83,37,1,135
123,44,0,161,5829.45,24,4,271
124,64,0,51,2425.63,8,9,325
125,41,1,141,8216.03,27,4,120
126,75,1,86,1451.74,45,7,230
127,27,1,92,910.93,65,6,148
128,71,0,39,5152.52,79,4,63
129,50,1,141,3551.39,25,3,56
130,55,1,141,8031.42,50,9,163
131,60,1,128,7083.71,95,6,25
132,26,0,129,2324.16,67,1,288
133,60,1,117,3925.43,2,6,268
134,27,1,48,7691.47,29,5,87
135,74,1,81,8628.38,46,2,37
136,72,0,49,3260.04,36,7,34
137,64,0,91,3357.02,81,0,345
138,77,1,135,746.32,88,3,171
139,18,0,27,8290.97,79,1,124
140,66,0,18,6954.18,55,2,15
141,40,1,75,711.39,93,9,324
142,42,0,145,5693.88,19,4,77
143,77,0,161,8583.15,78,5,183
144,35,1,23,3836.86,37,3,36
145,40,0,46,8673.49,46,9,320
146,64,0,127,7159.04,83,5,53
147,55,0,17,5675.72,50,4,174
148,51,1,84,9354.67,90,0,307
149,73,0,108,6150.38,9,2,150
150,75,1,135,9987.75,21,7,124
151,65,0,192,9898.83,46,7,345
152,64,1,76,2409.28,83,5,58
153,62,1,26,1130.44,53,0,229
154,61,1,84,5574.58,4,8,351
155,63,1,39,2120.69,70,4,358
156,30,0,132,4340.73,9,1,162
157,43,1,165,4297.58,95,5,15
158,60,0,28,92.26,58,8,276
159,73,0,176,5581.63,30,1,101
160,37,1,80,9201.03,1,4,354
161,76,0,86,3255.22,82,0,175
162,31,0,101,4656.10,97,9,162
163,72,0,172,8799.30,81,6,118
164,43,1,112,3489.97,63,7,103
165,66,1,15,7338.15,43,1,193
166,27,0,106,1355.80,22,2,271
167,70,0,55,160.91,48,6,146
168,55,1,123,2785.18,12,7,291
169,56,0,96,235.21,82,5,130
170,56,1,143,8646.89,67,5,25
171,72,0,115,5782.16,57,2,264
172,37,1,155,8001.20,50,9,97
173,39,0,81,9819.40,47,9,127
174,40,0,81,3145.86,34,4,268
175,60,1,81,9998.92,45,7,246
176,52,0,8,1893.02,48,4,317
177,59,1,90,5684.64,100,5,265
178,74,1,55,2837.44,39,1,334
179,58,1,102,3601.27,90,7,0
180,69,1,185,1910.55,20,9,157
181,77,0,30,8348.08,86,2,171
182,42,0,82,5674.80,49,2,61
183,72,0,95,9908.14,82,9,201
184,40,0,95,6239.40,25,0,96
185,75,0,97,4610.34,72,1,87
186,19,1,102,1412.74,70,4,110
187,34,1,90,6847.66,47,1,150
188,53,1,47,5846.83,79,1,38
189,40,0,173,3540.28,72,3,226
190,20,0,185,6927.03,75,9,97
191,53,1,32,9545.67,37,4,312
192,72,1,151,2000.28,83,0,129
193,61,0,119,2789.25,3,6,210
194,43,0,141,6884.50,35,9,112
195,58,1,91,5429.65,66,6,29
196,59,0,27,7699.71,35,3,103
197,52,0,121,5640.55,27,0,230
198,52,1,183,6619.79,81,7,171
199,62,0,59,9747.38,53,5,131
200,62,0,122,5256.58,43,3,22
201,20,1,183,693.04,11,3,18
202,60,1,73,4869.96,17,9,353
203,23,1,137,8959.12,52,7,178
204,31,1,123,7888.44,89,2,39
205,30,1,133,8703.78,59,8,51
206,21,1,13,3519.64,63,2,83
207,63,0,72,5765.69,37,6,173
208,58,0,19,5283.67,82,7,298
209,25,0,32,9237.22,64,3,171
210,66,0,139,3771.71,90,8,2
211,20,1,15,9876.52,58,4,34
212,73,1,8,6485.95,54,9,202
213,47,0,177,5125.37,94,3,128
214,64,0,145,3431.67,48,3,23
215,32,0,139,4120.55,58,8,214
216,72,1,15,5572.28,39,5,347
217,67,1,5,4086.30,17,3,315
218,18,1,149,2722.59,91,5,307
219,59,0,52,9002.57,95,4,354
220,47,1,83,1623.48,61,4,307
221,43,0,110,1308.35,88,0,133
222,66,0,141,2491.83,80,6,224
223,62,1,82,4873.65,69,8,119
224,18,1,78,2764.53,48,0,217
225,74,0,141,6576.17,74,5,146
226,53,1,120,1885.49,13,2,189
227,64,0,102,99.19,74,6,99
228,76,1,166,7202.94,73,7,10
229,58,1,155,1452.64,45,9,63
230,67,0,162,7703.93,93,1,123
231,75,1,88,2350.05,77,4,175
232,60,0,17,1603.04,39,3,219
233,31,1,175,5293.33,65,6,223
234,67,1,41,2549.51,47,9,169
235,23,1,68,3145.09,72,0,220
236,32,0,130,1377.40,77,9,28
237,60,0,156,7705.12,32,4,122
238,75,0,4,901.50,58,3,349
239,38,0,5,7650.74,79,7,13
240,67,0,135,9928.53,71,9,294
241,65,0,76,8300.20,36,6,155
242,35,1,59,733.85,33,0,9
243,76,1,132,4793.30,28,0,161
244,47,0,179,6831.19,72,2,68
245,50,0,171,692.62,45,7,7
246,40,1,1,7199.84,11,6,227
247,50,1,172,8184.16,13,5,131
248,63,0,65,4035.00,29,7,242
249,60,0,36,5568.44,83,5,101
250,45,1,195,2897.64,96,0,119
251,18,0,170,1082.27,68,8,323
252,74,1,19,8415.61,7,3,181
253,30,0,18,4533.14,75,5,114
254,60,0,186,7756.65,80,7,8
255,76,1,78,4969.79,65,3,72
256,24,1,38,9381.98,98,3,98
257,22,1,167,1387.78,89,2,94
258,66,1,109,7417.85,39,3,62
259,22,1,84,8729.41,1,7,32
260,25,0,8,7777.21,95,3,174
261,59,0,26,2607.43,38,8,192
262,64,0,27,9976.79,92,3,63
263,47,1,177,371.29,38,3,343
264,56,1,41,4586.10,80,3,273
265,28,1,158,8790.71,88,2,174
266,46,0,44,7431.26,42,7,15
267,42,0,37,2306.57,1,7,31
268,68,0,93,1290.45,49,6,197
269,41,1,110,6611.49,24,8,304
270,23,0,121,3796.89,35,9,218
271,36,1,193,4489.77,46,0,66
272,21,0,147,166.45,98,7,237
273,21,0,11,9454.46,43,7,243
274,54,0,15,2126.25,40,5,155
275,20,1,8,5302.60,83,1,12
276,54,1,179,9053.66,15,9,311
277,72,0,31,3170.91,98,9,127
278,51,1,141,9385.03,63,3,168
279,18,0,70,9061.74,23,5,341
280,37,0,131,9032.32,18,4,278
281,49,0,93,2184.29,27,2,126
282,47,1,197,3606.95,43,1,315
283,66,1,114,9684.84,56,8,73
284,43,1,149,4183.09,97,4,312
285,76,1,81,1623.24,4,1,90
286,69,1,124,8137.99,20,9,305
287,66,0,159,6313.45,19,2,57
288,23,0,98,4788.56,68,9,52
289,39,0,12,9340.02,99,7,125
290,36,1,74,7351.33,77,3,212
291,38,1,159,5610.91,89,7,253
292,36,1,129,3943.69,11,0,203
293,73,1,149,9741.08,90,3,269
294,28,1,67,5315.40,86,5,137
295,76,1,71,1302.05,3,2,156
296,74,0,131,5949.42,85,1,31
297,66,0,51,7032.84,63,8,194
298,58,0,142,413.66,22,5,313
299,73,0,62,8015.86,38,2,98
300,57,1,119,564.20,34,7,194
301,49,0,75,1201.58,6,0,30
302,27,0,35,394.85,73,8,51
303,24,1,131,5327.61,49,3,37
304,46,1,175,7387.29,100,5,8
305,67,0,186,5343.17,56,1,130
306,35,1,131,4666.04,42,6,35
307,71,1,154,7634.56,16,1,364
308,51,1,97,7064.35,10,8,244
309,44,1,52,3898.56,29,4,80
310,59,0,161,6344.77,13,0,193
311,39,0,47,7931.20,100,5,95
312,23,0,84,8979.39,79,3,297
313,54,1,128,9405.22,25,1,35
314,75,1,34,6186.51,58,2,339
315,32,1,152,5669.49,31,9,299
316,60,1,76,7880.57,97,0,91
317,33,1,134,8762.26,98,1,202
318,38,0,198,6795.05,1,7,333
319,74,1,169,5639.99,25,0,256
320,64,1,110,6416.01,62,4,89
321,68,0,144,2881.28,60,9,165
322,47,0,138,802.97,29,3,142
323,33,0,178,5316.29,83,6,258
324,72,0,113,7968.09,44,1,144
325,46,1,34,8992.41,84,0,96
326,51,0,89,6202.94,82,1,120
327,39,1,21,7918.92,82,9,156
328,27,0,199,4635.15,12,5,42
329,27,1,158,7278.82,42,3,194
330,62,1,187,1766.30,41,9,361
331,35,1,153,8371.47,76,4,161
332,56,1,145,2344.20,55,5,13
333,62,1,78,5895.67,33,8,28
334,60,1,183,5552.77,40,8,209
335,31,1,60,5304.51,4,3,351
336,74,1,133,2694.18,24,5,20
337,46,0,189,5671.96,39,5,207
338,56,0,82,6193.43,48,1,135
339,29,0,178,316.86,100,1,39
340,20,1,1,235.72,23,4,241
341,54,0,66,405.37,53,8,277
342,62,0,196,9994.46,31,1,129
343,76,0,124,4604.36,58,9,347
344,55,1,27,7208.96,20,0,339
345,36,0,170,2975.03,45,3,242
346,48,1,106,1311.27,94,9,207
347,32,1,192,8672.39,44,9,247
348,30,0,141,3368.49,19,0,11
349,58,0,52,4772.89,58,1,303
350,49,0,85,5429.84,60,6,340
351,56,1,115,6481.90,67,5,26
352,24,0,67,9020.85,26,2,128
353,72,1,128,1161.27,8,6,109
354,69,0,104,2650.67,67,1,281
355,74,1,124,1430.66,24,3,346
356,35,1,9,5325.25,28,8,231
357,60,1,32,1796.28,30,7,13
358,67,1,66,3459.41,46,3,228
359,24,0,7,3593.20,85,8,335
360,51,1,138,7596.89,90,7,349
361,23,1,129,5792.07,75,8,363
362,34,1,160,1101.97,5,5,163
363,72,1,79,9733.29,60,5,260
364,38,1,32,7629.01,68,5,308
365,45,0,151,7980.83,23,4,70
366,21,1,144,894.91,29,8,60
367,50,0,117,7328.38,62,6,322
368,40,1,185,5571.26,100,3,107
369,72,0,181,1555.08,57,0,155
370,22,1,109,9818.71,91,0,116
371,77,0,93,4893.96,78,6,301
372,63,1,33,633.05,46,0,236
373,37,0,54,406.63,32,8,279
374,51,0,130,7495.99,3,8,292
375,72,1,0,4170.26,33,8,44
376,70,0,39,9346.63,1,3,0
377,42,0,158,3677.08,18,4,255
378,61,1,67,9106.99,56,9,324
379,30,1,163,613.53,31,2,185
380,35,1,8,2253.20,98,1,170
381,30,1,181,3871.16,89,1,232
382,67,1,27,6786.70,94,8,323
383,26,1,163,9285.44,69,8,8
384,48,1,185,5113.54,92,3,6
385,62,0,28,1926.77,77,6,48
386,27,1,82,6520.23,85,1,83
387,42,1,74,5696.90,23,4,186
388,45,1,10,3007.63,93,0,335
389,64,0,58,4953.58,71,3,220
390,68,0,164,5046.24,27,4,361
391,32,0,167,9818.46,59,1,31
392,31,0,83,4367.80,33,5,88
393,41,1,46,9977.02,83,6,0
394,20,1,191,7009.25,16,9,184
395,25,0,119,7950.74,23,4,231
396,32,1,113,7372.72,82,8,287
397,61,0,131,1357.65,45,5,335
398,44,0,158,295.37,95,5,50
399,48,0,17,6631.65,48,6,110
400,43,0,154,3169.69,67,6,208
401,41,0,69,3079.27,42,9,264
402,76,0,110,3774.06,47,8,292
403,34,0,129,1117.32,99,2,278
404,59,0,49,7029.56,6,7,3
405,60,0,144,5635.11,65,7,333
406,40,0,41,8882.57,10,5,260
407,22,0,146,567.94,59,5,352
408,48,0,193,5032.96,32,0,129
409,20,1,89,4221.27,49,5,146
410,55,1,127,2309.41,49,0,135
411,68,0,177,1309.63,72,9,333
412,52,0,90,7642.60,79,4,187
413,41,0,112,5637.03,79,9,268
414,66,1,182,4493.57,27,0,191
415,30,1,2,6914.51,79,2,209
416,21,0,151,5047.66,27,9,297
417,60,0,160,5901.05,34,7,221
418,64,1,39,753.31,40,0,130
419,52,1,62,9998.87,36,5,289
420,60,1,166,9080.14,7,3,278
421,62,0,118,3545.39,90,2,227
422,58,0,166,1492.99,92,6,0
423,53,0,9,239.20,97,2,336
424,71,1,119,3264.92,52,6,146
425,21,1,182,9423.18,85,2,183
426,21,1,74,6118.80,27,8,281
427,46,0,132,6518.63,92,6,65
428,62,1,10,2794.35,64,8,363
429,45,0,194,509.26,36,2,108
430,37,0,25,5955.62,21,1,4
431,38,0,55,8039.10,18,6,26
432,23,1,43,2449.78,92,7,165
433,67,1,137,6771.57,68,5,231
434,18,1,114,2614.75,87,8,240
435,34,1,131,4854.20,31,9,128
436,26,0,40,1448.36,85,8,21
437,42,1,118,724.45,93,6,119
438,63,0,184,695.50,87,3,147
439,71,1,179,8224.67,26,2,200
440,29,0,176,1621.42,53,2,306
441,21,1,128,4427.53,3,7,360
442,31,1,4,4728.03,68,2,333
443,21,0,128,7298.24,34,9,48
444,24,0,125,6782.65,20,9,140
445,58,1,86,1124.83,11,4,354
446,21,0,82,447.50,75,9,185
447,46,1,182,7249.63,4,7,113
448,70,0,164,5018.54,73,4,55
449,68,0,84,7792.04,98,7,80
450,48,0,89,7643.50,38,1,13
451,76,0,57,3345.44,60,2,149
452,24,0,87,55.77,11,4,178
453,50,1,62,8876.48,48,2,283
454,67,0,64,6633.01,23,7,318
455,18,1,102,603.38,42,3,321
456,62,0,16,7328.88,64,1,353
457,45,1,130,2118.52,38,2,327
458,77,1,192,2090.18,38,3,23
459,74,0,111,7182.74,84,2,40
460,57,1,150,6064.43,29,7,33
461,61,0,69,4387.93,5,1,110
462,34,0,194,5043.63,22,6,64
463,43,0,120,808.08,69,3,4
464,59,0,99,9631.41,3,5,140
465,40,1,181,9452.62,89,1,116
466,42,1,114,7959.90,62,6,219
467,50,1,160,9151.81,92,2,119
468,18,1,34,2709.01,50,3,321
469,64,0,170,1225.45,72,0,341
470,41,0,176,7574.84,53,6,32
471,69,0,34,1165.41,16,1,249
472,68,1,66,5105.35,89,7,14
473,52,0,199,3872.99,27,5,121
474,29,0,6,1981.99,17,6,112
475,76,1,185,4076.86,35,4,148
476,72,1,40,3689.12,50,7,353
477,19,1,62,8710.25,56,7,321
478,50,0,190,5529.94,35,5,324
479,65,0,61,7216.96,14,6,284
480,47,1,111,4650.72,29,0,55
481,63,1,71,8164.49,3,0,116
482,60,1,2,5936.05,86,6,157
483,70,1,59,4886.81,37,2,233
484,61,0,182,760.96,12,0,303
485,40,1,129,7554.52,76,0,142
486,44,0,82,9170.50,1,2,356
487,76,1,31,2198.94,3,7,106
488,37,1,77,4598.39,68,5,300
489,30,0,35,5233.09,58,0,309
490,45,1,108,8751.52,18,6,63
491,66,0,192,617.56,32,8,60
492,67,0,26,2261.58,53,7,300
493,40,0,74,2133.67,53,1,147
494,76,0,161,2576.92,9,3,40
495,67,1,99,8962.87,49,5,165
496,55,1,131,9085.80,89,0,161
497,45,1,141,162.48,60,4,156
498,51,0,35,6826.50,72,8,72
499,68,0,180,7324.21,17,0,74
500,46,1,99,4359.52,43,9,279
501,48,0,21,9492.59,81,9,25
502,46,0,150,8495.39,89,8,254
503,43,1,178,3821.12,71,7,14
504,60,0,114,7891.43,30,9,61
505,42,0,53,6613.45,40,0,260
506,45,1,147,6031.40,82,4,42
507,45,1,141,7694.34,94,8,306
508,75,0,160,8483.49,64,2,110
509,40,1,167,8730.42,45,1,277
510,30,0,31,744.61,43,5,345
511,20,0,17,1227.06,5,0,276
512,34,1,184,505.51,56,0,130
513,55,1,33,2728.23,61,7,311
514,60,0,76,1819.24,63,8,357
515,74,1,56,1813.21,21,6,344
516,46,0,97,7004.83,29,6,323
517,56,0,163,7084.48,71,5,163
518,21,1,30,7837.32,51,4,140
519,51,1,55,6243.63,46,1,265
520,20,1,191,9979.31,69,2,114
521,35,1,189,3864.75,99,4,105
522,22,0,141,4186.49,83,2,229
523,62,0,67,1078.61,58,4,38
524,50,0,21,9087.07,37,7,246
525,60,0,20,3947.93,15,7,13
526,75,0,8,3242.18,24,8,329
527,54,1,182,4894.90,86,9,268
528,39,1,90,7923.17,55,3,17
529,22,1,176,9654.19,14,9,12
530,75,0,178,9337.06,12,5,203
531,65,0,146,5051.79,40,9,70
532,19,1,36,2791.64,50,5,43
533,19,0,188,8685.50,7,4,151
534,50,1,55,9201.19,92,0,316
535,31,0,155,686.26,70,0,361
536,21,1,38,4362.74,33,6,347
537,20,1,25,450.88,88,7,336
538,38,0,92,1818.09,94,7,49
539,33,1,61,7398.01,86,4,219
540,43,1,20,6235.90,4,0,198
541,43,0,173,5261.72,99,8,50
542,66,0,20,796.65,32,4,330
543,28,0,130,7637.64,41,8,318
544,24,1,143,7586.05,22,2,355
545,58,1,136,9096.02,87,0,83
546,49,1,77,4885.91,17,8,301
547,57,0,189,9954.83,15,6,262
548,49,1,172,6036.68,91,9,49
549,64,1,104,1028.75,62,3,321
550,60,1,186,3148.06,72,4,268
551,46,1,38,8442.42,18,2,89
552,28,1,121,623.87,3,1,83
553,27,1,190,4406.97,47,3,135
554,74,1,47,5625.97,90,7,7
555,21,1,147,8670.46,82,5,319
556,18,1,34,5927.69,63,1,92
557,37,1,183,4770.33,66,7,253
558,45,0,70,8048.13,27,4,280
559,66,0,179,90.00,81,7,280
560,54,1,16,6270.90,42,8,47
561,40,1,58,4157.42,92,2,286
562,47,1,153,7976.80,64,8,31
563,50,0,123,5219.73,45,1,213
564,63,1,175,9422.69,52,0,131
565,18,1,95,5551.14,18,8,324
566,67,0,95,2925.36,65,8,198
567,62,0,70,4892.76,21,9,165
568,74,0,178,2214.90,7,2,56
569,58,1,64,6592.67,90,8,30
570,24,1,35,4467.71,43,3,32
571,62,1,47,6637.16,51,9,63
572,28,0,15,7289.04,74,0,244
573,64,0,108,6776.39,54,8,223
574,23,1,57,4217.32,33,0,103
575,38,1,157,9271.57,35,9,105
576,47,1,182,1548.28,44,7,73
577,26,1,62,4965.07,87,5,6
578,66,0,93,8626.37,24,5,232
579,22,1,124,2454.62,92,2,136
580,69,1,177,4106.15,57,9,120
581,59,1,28,9955.92,3,6,314
582,20,1,178,4809.62,76,6,5
583,55,0,31,2622.55,66,9,28
584,31,0,96,7240.41,33,6,247
585,24,1,1,8858.54,44,0,228
586,50,0,58,6282.27,40,4,77
587,41,1,114,4001.64,16,2,32
588,37,0,36,5893.05,42,1,202
589,43,0,126,4276.14,61,9,121
590,57,1,8,6691.99,34,7,363
591,43,0,51,6276.51,36,8,235
592,53,0,129,1247.54,54,1,156
593,42,1,28,1240.96,9,6,31
594,55,1,192,1211.45,73,5,183
595,59,0,198,1726.35,93,3,281
596,57,0,80,3134.03,100,9,34
597,69,0,113,6299.93,70,6,118
598,44,0,84,509.30,40,6,122
599,50,1,23,7919.46,43,7,26
600,53,1,71,1031.87,53,7,201
601,56,1,167,7145.88,89,5,313
602,27,1,143,9242.67,22,0,24
603,33,0,155,9124.49,43,0,211
604,41,0,165,3230.33,44,3,171
605,29,1,198,8114.67,12,4,297
606,58,0,16,619.13,76,1,182
607,18,1,199,3219.28,32,2,106
608,19,1,62,2483.91,7,4,339
609,26,0,69,8356.94,15,8,316
610,21,1,157,1881.33,19,1,347
611,62,1,51,4348.43,73,5,359
612,37,1,123,3165.16,88,8,112
613,24,0,133,3953.34,47,8,85
614,21,1,42,4941.90,75,3,94
615,38,1,137,3696.10,72,2,264
616,23,1,127,9095.21,19,5,225
617,56,1,104,5474.97,7,2,256
618,60,0,16,5050.06,89,4,124
619,26,1,79,3334.52,97,3,159
620,27,1,86,1997.76,16,0,205
621,76,0,22,9815.73,43,2,57
622,30,1,53,7701.18,23,4,266
623,61,0,180,2144.74,18,0,256
624,29,0,189,4674.71,47,0,90
625,63,0,3,4049.20,89,0,308
626,43,1,151,9582.82,50,7,242
627,38,0,92,9839.86,77,7,31
628,28,1,25,2802.24,84,9,330
629,77,0,92,3894.43,62,8,130
630,54,0,191,8268.72,57,6,182
631,76,1,103,1248.69,80,4,249
632,51,0,167,9890.94,3,7,0
633,73,1,61,9340.73,87,5,292
634,41,0,13,7830.99,67,7,101
635,69,0,170,8437.52,90,8,327
636,25,0,126,6912.94,57,0,247
637,43,0,56,861.90,93,7,309
638,29,1,193,5571.47,47,8,286
639,55,0,125,9942.65,72,7,238
640,26,1,66,1162.52,54,4,304
641,54,0,85,6359.28,25,5,234
642,33,0,88,8751.65,52,1,345
643,76,0,128,7449.26,18,4,154
644,64,1,63,745.26,5,1,18
645,29,1,194,4473.97,78,2,215
646,38,1,32,9012.45,58,9,174
647,48,0,103,8204.06,77,6,42
648,56,0,61,1714.51,88,9,3
649,67,0,172,7642.27,50,6,299
650,46,0,148,7728.55,12,3,184
651,64,1,174,1292.68,61,8,85
652,59,0,3,6524.49,26,9,345
653,68,0,158,3108.61,89,8,341
654,48,0,9,8637.58,87,0,136
655,54,1,34,6852.14,83,7,130
656,60,0,146,4018.91,83,1,70
657,35,1,159,9661.18,76,0,103
658,65,1,29,7685.69,30,5,324
659,74,1,112,1105.13,98,7,101
660,24,0,128,8588.83,88,7,154
661,40,1,38,4414.82,31,5,60
662,39,1,15,9489.65,43,0,331
663,52,0,32,9297.31,56,9,229
664,57,0,90,2087.69,73,0,319
665,36,1,74,1424.77,5,1,9
666,74,1,183,7696.78,59,0,82
667,45,0,33,7029.91,59,3,327
668,58,1,46,4188.31,26,1,352
669,64,1,119,6972.28,47,6,175
670,20,0,68,9668.55,100,8,314
671,19,1,0,5066.50,3,6,337
672,26,1,56,5015.76,80,8,18
673,31,0,104,4225.32,61,3,317
674,35,0,86,9973.86,44,8,312
675,42,0,120,2598.93,21,5,328
676,61,0,68,9261.86,24,6,345
677,58,0,27,9967.22,50,6,357
678,38,0,161,8281.75,100,2,148
679,28,1,120,7691.05,96,9,60
680,35,0,194,9624.02,18,5,212
681,66,0,61,1830.12,27,5,241
682,66,0,72,3223.44,10,4,131
683,45,0,163,8125.61,27,4,81
684,74,0,64,462.80,37,1,299
685,34,1,171,4770.31,15,2,299
686,64,1,46,1610.07,28,4,270
687,19,0,166,3098.29,2,7,233
688,74,1,61,3670.60,51,5,154
689,62,0,170,7255.74,46,8,212
690,20,1,16,7092.47,75,3,191
691,57,1,146,8089.25,14,1,265
692,59,1,170,4962.13,47,8,142
693,76,0,36,6799.69,36,0,33
694,46,0,65,8646.62,46,8,62
695,62,0,52,2185.36,24,1,246
696,57,1,25,8686.93,58,5,250
697,23,0,99,3857.87,87,0,18
698,46,0,85,5745.06,53,6,215
699,48,1,68,7181.36,3,5,353
700,74,0,84,933.14,78,0,206
701,33,0,89,9625.07,99,2,201
702,61,0,156,8160.91,18,6,178
703,65,1,60,5535.39,93,9,289
704,53,0,133,6899.53,37,4,4
705,71,1,172,6361.14,55,9,323
706,44,1,129,9463.27,15,5,229
707,45,0,162,4418.18,57,1,217
708,47,1,61,6995.21,2,1,80
709,25,1,143,1183.35,88,2,39
710,60,1,69,7465.08,94,8,99
711,56,0,3,1374.83,46,5,32
712,55,1,145,1292.99,25,8,135
713,47,1,136,4863.01,31,0,23
714,55,0,97,1198.46,93,6,17
715,39,1,51,6390.78,82,5,348
716,62,0,188,8407.76,62,4,107
717,42,1,117,4602.29,84,0,354
718,23,0,151,982.66,32,4,206
719,22,0,96,7014.31,74,2,194
720,59,1,199,8063.92,9,8,323
721,71,0,191,8901.36,73,5,273
722,56,0,104,3211.45,92,2,33
723,21,0,120,4558.97,31,6,356
724,62,0,164,8159.80,49,5,167
725,37,1,92,6261.93,19,3,60
726,65,0,190,6938.56,86,8,272
727,53,1,166,4519.54,38,4,355
728,28,0,146,5826.92,83,3,109
729,20,0,119,4747.72,6,1,142
730,77,0,164,9129.68,66,0,108
731,22,1,175,2911.41,75,1,190
732,71,0,113,8464.19,52,2,158
733,38,1,174,5612.83,53,1,247
734,18,0,129,741.41,29,0,247
735,31,1,113,3465.70,86,4,63
736,68,1,1,3986.61,72,1,23
737,27,1,48,6116.75,53,2,122
738,54,1,80,6804.79,21,9,294
739,37,0,62,4870.18,66,3,14
740,72,0,178,1618.47,57,3,39
741,51,0,43,4593.05,54,2,266
742,51,0,142,6269.51,90,3,234
743,51,1,168,210.10,4,3,181
744,23,0,199,1947.72,11,7,159
745,26,1,59,399.72,50,1,177
746,58,0,60,974.64,75,0,210
747,68,0,1,5215.72,46,4,73
748,63,0,25,9884.34,94,5,268
749,55,1,111,3444.24,87,4,102
750,61,0,111,9157.22,57,7,236
751,65,0,18,8238.46,80,9,111
752,34,1,192,1418.23,68,7,351
753,39,0,107,2382.06,75,5,247
754,72,1,62,8452.39,47,7,79
755,69,0,66,7289.45,29,1,330
756,61,0,116,9213.94,61,4,192
757,24,1,50,6660.10,1,6,39
758,34,0,198,9535.04,99,1,323
759,55,0,31,6786.33,70,4,8
760,56,1,152,9488.07,46,2,96
761,34,1,47,1254.43,29,7,156
762,41,1,93,1752.79,70,1,301
763,51,0,40,1728.76,57,8,287
764,36,1,94,8228.99,88,3,89
765,26,1,189,1833.99,74,1,165
766,53,0,62,3740.93,96,1,248
767,42,1,116,771.47,62,3,321
768,42,1,98,8869.22,29,0,156
769,42,0,25,1525.67,10,7,317
770,37,1,153,5135.78,24,0,91
771,47,0,102,9081.86,89,9,97
772,70,1,140,5405.72,77,7,112
773,36,0,108,3418.56,87,2,215
774,37,0,15,773.14,85,3,171
775,69,1,152,9859.52,46,5,312
776,77,1,146,8483.02,13,6,221
777,42,0,55,7960.33,37,8,139
778,55,1,28,3839.12,44,4,279
779,23,0,176,8683.49,19,3,89
780,68,1,131,1904.84,50,1,276
781,69,0,140,2863.85,73,8,309
782,44,0,43,1555.84,45,3,26
783,69,1,56,4232.88,77,4,34
784,45,0,98,6712.01,66,2,316
785,55,0,64,9104.02,5,2,90
786,56,1,3,8004.31,25,2,270
787,60,0,54,8114.16,27,2,159
788,25,0,109,5327.29,66,0,213
789,57,0,180,1281.67,86,6,315
790,38,1,162,6070.10,76,6,114
791,20,0,129,8075.38,14,3,2
792,23,1,14,7332.14,31,4,222
793,54,0,176,416.30,21,5,71
794,72,1,174,1439.01,87,3,338
795,75,1,18,2318.99,51,2,127
796,27,0,138,3328.28,88,8,66
797,43,0,44,7283.07,78,1,177
798,19,1,176,5057.45,19,2,53
799,74,0,28,5805.35,48,4,117
800,42,0,30,7267.35,82,4,101
801,50,0,85,9700.28,64,2,191
802,75,0,21,9455.10,15,3,191
803,56,1,8,8362.88,65,0,111
804,76,0,25,474.74,65,8,337
805,64,0,45,4727.18,62,7,245
806,30,1,189,5213.15,68,5,276
807,54,0,6,8866.56,83,4,64
808,73,0,98,8601.30,20,7,70
809,62,1,44,7795.49,97,3,39
810,39,1,32,7688.84,70,4,158
811,67,1,189,8727.59,7,9,201
812,21,1,26,4877.44,17,9,44
813,27,1,100,7157.69,64,0,309
814,56,1,41,3633.40,89,8,49
815,36,1,28,1668.75,87,9,200
816,42,0,13,2897.99,10,0,313
817,72,1,94,7466.30,87,0,113
818,70,0,3,4865.64,100,9,100
819,53,0,135,4636.98,78,1,22
820,63,1,92,5194.17,68,0,165
821,45,1,171,791.40,37,8,16
822,42,0,94,2515.51,31,5,122
823,67,0,21,1392.04,4,2,126
824,44,1,168,8774.23,63,8,62
825,37,0,23,356.62,56,4,162
826,23,0,120,3145.47,47,7,112
827,55,1,18,5184.73,5,4,157
828,73,0,34,6891.80,83,9,279
829,53,0,52,7637.48,13,0,170
830,40,1,132,2758.73,56,8,230
831,42,0,24,4170.06,53,2,201
832,66,1,78,6127.13,55,7,290
833,44,0,148,2134.87,85,3,1
834,57,0,16,9787.86,45,8,230
835,45,1,184,8213.64,21,6,362
836,27,0,82,4924.11,61,4,310
837,22,0,85,8112.15,67,2,140
838,24,0,60,1838.85,55,2,272
839,55,1,97,5909.06,86,7,320
840,38,0,12,4264.90,47,7,82
841,57,1,167,4.85,22,4,100
842,63,1,189,3182.36,83,5,61
843,73,0,185,2569.91,53,5,283
844,47,0,98,5904.13,84,6,317
845,69,1,139,333.65,27,3,94
846,26,0,175,3163.23,41,5,309
847,57,1,195,8071.70,2,3,205
848,61,1,72,3201.25,96,8,331
849,73,1,101,9159.27,12,0,159
850,27,0,97,1377.53,90,9,270
851,75,0,14,3344.07,73,0,167
852,28,1,126,1806.68,81,5,338
853,70,0,136,2253.71,17,4,291
854,72,0,141,3910.58,66,6,9
855,20,0,42,439.26,23,4,221
856,57,0,103,6432.69,17,0,179
857,24,1,26,5882.68,48,8,319
858,36,0,24,43.28,91,6,363
859,24,0,121,2107.51,100,9,1
860,73,1,158,112.46,60,8,209
861,49,1,30,651.54,64,8,150
862,31,1,166,8826.04,13,3,191
863,50,1,80,6478.54,66,3,47
864,64,0,60,8324.90,73,2,53
865,52,1,115,9119.56,54,4,346
866,72,1,37,820.97,47,6,11
867,56,1,135,2645.57,76,0,104
868,34,0,77,7330.12,42,6,21
869,24,1,76,2660.14,35,9,44
870,59,0,101,9499.65,22,2,360
871,24,1,143,9865.01,73,4,101
872,28,1,153,2605.17,80,1,160
873,61,0,192,4005.60,13,1,227
874,19,1,111,9138.89,73,5,338
875,29,1,47,7872.47,62,6,352
876,23,1,171,8769.81,32,4,221
877,39,0,87,4068.83,69,7,181
878,24,0,10,8278.73,98,4,15
879,44,0,95,7118.79,59,4,133
880,34,1,140,6153.39,53,1,310
881,37,0,75,6496.02,98,3,295
882,23,1,36,6082.00,93,7,207
883,18,0,185,9328.52,92,2,262
884,25,1,17,1708.57,81,6,187
885,54,1,94,2640.75,75,3,54
886,38,1,95,6952.21,77,0,348
887,31,1,6,2975.02,54,1,276
888,50,0,165,2478.09,71,7,98
889,41,1,164,5430.33,48,8,54
890,76,1,31,7602.38,45,8,178
891,33,1,190,2125.85,9,4,204
892,56,0,50,7199.45,68,7,47
893,34,0,9,8195.67,4,2,156
894,19,0,24,9476.54,72,2,59
895,68,1,23,3331.44,64,4,101
896,21,1,75,3459.64,68,0,203
897,48,0,93,7163.18,40,5,74
898,66,0,128,7766.47,89,2,132
899,60,1,126,9711.84,10,9,264
900,42,1,194,1003.03,19,7,207
901,32,1,54,1116.69,65,2,271
902,51,1,119,4279.49,64,9,112
903,38,1,121,697.38,31,6,17
904,46,1,153,1277.88,42,9,265
905,55,1,36,4379.88,45,2,305
906,72,0,13,9264.57,25,8,234
907,26,0,144,1001.98,7,5,352
908,56,1,64,5633.11,32,6,171
909,74,0,83,6462.09,51,1,269
910,65,0,199,4685.21,80,3,51
911,77,0,67,8390.03,54,2,94
912,57,0,48,5132.46,3,8,232
913,32,0,157,7499.18,57,5,32
914,27,1,152,6808.38,49,1,163
915,49,1,105,2870.19,84,0,321
916,31,1,99,6683.15,7,9,223
917,76,0,18,1964.37,41,9,120
918,69,0,147,3334.51,42,4,113
919,32,1,46,9349.42,14,7,207
920,26,1,11,1168.32,89,5,92
921,19,0,133,2954.91,3,4,111
922,22,0,158,8359.69,50,3,247
923,28,1,30,7596.53,52,1,185
924,20,0,160,2074.08,78,9,187
925,38,0,1,5224.93,59,7,172
926,48,1,143,1842.06,95,4,21
927,55,1,63,1450.39,39,7,239
928,21,0,185,2426.45,54,3,93
929,65,1,13,9146.06,14,6,255
930,51,1,195,7348.91,74,5,191
931,27,0,33,7521.83,81,0,218
932,34,1,187,5082.13,10,3,165
933,47,0,65,7352.57,87,2,346
934,75,0,24,3260.53,22,0,267
935,73,0,170,7793.71,37,6,246
936,42,0,57,761.97,21,7,166
937,23,0,169,8434.56,15,2,127
938,26,1,98,4777.46,79,2,258
939,68,0,175,9646.10,54,1,287
940,21,1,123,1347.73,8,9,152
941,45,0,36,1645.65,3,4,113
942,52,1,143,5230.13,32,8,151
943,69,1,121,5180.51,31,7,135
944,74,1,36,9241.27,40,0,277
945,76,0,55,9536.71,43,5,147
946,60,1,96,6438.58,55,1,221
947,66,0,23,3437.44,48,0,186
948,25,0,146,9707.48,54,6,6
949,64,1,164,7531.18,66,8,52
950,57,0,133,7172.26,97,1,33
951,57,0,120,9987.39,46,2,78
952,19,0,111,5214.68,55,2,91
953,37,0,51,1843.91,92,2,343
954,44,0,33,9407.92,76,6,303
955,41,1,40,6041.08,54,7,145
956,72,0,52,9118.47,45,3,325
957,70,0,20,4397.38,98,0,17
958,76,0,119,5903.49,53,7,303
959,59,0,42,49.71,82,8,318
960,52,1,197,496.77,27,6,9
961,25,0,30,7055.91,26,7,313
962,76,1,143,612.04,7,8,140
963,52,0,44,4883.42,50,0,329
964,25,0,122,58.85,23,4,355
965,51,1,193,5513.64,57,0,9
966,70,1,121,1440.29,89,6,127
967,53,0,38,6169.64,14,5,86
968,73,1,110,5281.75,54,3,270
969,40,1,187,1278.67,24,6,318
970,72,0,77,5909.65,90,7,232
971,63,0,20,630.00,32,9,54
972,41,0,192,1100.43,64,2,161
973,51,0,152,5045.27,62,4,110
974,72,1,75,5477.27,38,0,176
975,27,1,27,5710.01,7,1,258
976,67,1,117,1257.92,86,0,215
977,58,1,195,3651.01,42,8,274
978,71,1,136,7731.57,88,2,9
979,72,0,91,4424.17,31,5,283
980,46,1,139,487.79,91,7,223
981,56,0,67,6927.38,69,0,312
982,45,1,85,5082.04,78,0,21
983,49,1,4,4554.79,8,2,17
984,21,0,147,1449.29,40,5,312
985,48,0,184,3473.67,12,5,86
986,72,0,133,7448.05,43,5,103
987,31,0,16,9536.31,46,1,146
988,51,0,128,4992.35,39,3,149
989,28,0,96,4863.22,24,1,136
990,38,1,50,7840.11,93,3,303
991,73,0,104,773.13,63,1,339
992,33,0,196,8264.51,48,6,65
993,50,1,158,1885.79,7,7,240
994,37,0,199,84.72,3,8,187
995,37,1,135,5568.21,74,1,51
996,73,0,23,1591.79,48,0,159
997,47,1,150,9847.29,99,8,39
998,59,0,196,5889.26,91,7,234
999,52,0,99,2785.27,34,2,252
1000,55,1,38,1272.62,73,9,160
